"Status","Start Time","Stop Time","Duration in ms","Parent Suite","Suite","Sub Suite","Test Class","Test Method","Name","Description"
"passed","Fri Jun 26 23:25:58 UTC 2026","Fri Jun 26 23:25:58 UTC 2026","136","weather","test_weather","","","","Resolved timezone is a non-empty string for Nairobi","``timezone=auto`` should resolve to a non-empty IANA timezone string."
"passed","Fri Jun 26 23:25:58 UTC 2026","Fri Jun 26 23:25:58 UTC 2026","137","weather","test_weather","","","","Resolved timezone is a non-empty string for New York","``timezone=auto`` should resolve to a non-empty IANA timezone string."
"passed","Fri Jun 26 23:25:58 UTC 2026","Fri Jun 26 23:25:58 UTC 2026","136","weather","test_weather","","","","Resolved timezone is a non-empty string for Sydney","``timezone=auto`` should resolve to a non-empty IANA timezone string."
"passed","Fri Jun 26 23:25:57 UTC 2026","Fri Jun 26 23:25:57 UTC 2026","136","weather","test_weather","","","","Forecast schema and sanity for Nairobi","GET a city's hourly forecast and validate shape, timing, and coords."
"passed","Fri Jun 26 23:25:54 UTC 2026","Fri Jun 26 23:25:54 UTC 2026","405","countries","test_countries","","","","Europe region returns more than the minimum number of countries",""
"passed","Fri Jun 26 23:25:57 UTC 2026","Fri Jun 26 23:25:57 UTC 2026","137","weather","test_weather","","","","Forecast schema and sanity for London","GET a city's hourly forecast and validate shape, timing, and coords."
"passed","Fri Jun 26 23:25:57 UTC 2026","Fri Jun 26 23:25:57 UTC 2026","136","weather","test_weather","","","","Forecast schema and sanity for New York","GET a city's hourly forecast and validate shape, timing, and coords."
"passed","Fri Jun 26 23:25:57 UTC 2026","Fri Jun 26 23:25:57 UTC 2026","136","weather","test_weather","","","","Forecast schema and sanity for Sydney","GET a city's hourly forecast and validate shape, timing, and coords."
"passed","Fri Jun 26 23:25:55 UTC 2026","Fri Jun 26 23:25:56 UTC 2026","1110","countries","test_countries","","","","Every inhabited country has a positive population",""
"passed","Fri Jun 26 23:25:57 UTC 2026","Fri Jun 26 23:25:58 UTC 2026","136","weather","test_weather","","","","Resolved timezone is a non-empty string for London","``timezone=auto`` should resolve to a non-empty IANA timezone string."
"passed","Fri Jun 26 23:25:57 UTC 2026","Fri Jun 26 23:25:57 UTC 2026","137","weather","test_weather","","","","Forecast schema and sanity for Tokyo","GET a city's hourly forecast and validate shape, timing, and coords."
"passed","Fri Jun 26 23:25:56 UTC 2026","Fri Jun 26 23:25:56 UTC 2026","396","countries","test_countries","","","","A country found by name appears within its own region",""
"passed","Fri Jun 26 23:25:58 UTC 2026","Fri Jun 26 23:25:58 UTC 2026","136","weather","test_weather","","","","Resolved timezone is a non-empty string for Tokyo","``timezone=auto`` should resolve to a non-empty IANA timezone string."
"passed","Fri Jun 26 23:25:54 UTC 2026","Fri Jun 26 23:25:55 UTC 2026","97","countries","test_countries","","","","Germany record matches the country schema contract",""
